clip_id,true_label,predicted_label
test_english_000,english,english
test_english_001,english,english
test_english_002,english,english
test_english_003,english,english
test_english_004,english,english
test_swedish_000,swedish,swedish
test_swedish_001,swedish,swedish
test_swedish_002,swedish,swedish
test_swedish_003,swedish,swedish
test_swedish_004,swedish,swedish
test_german_000,german,german
test_german_001,german,german
test_german_002,german,german
test_german_003,german,german
test_german_004,german,german
